INSERT INTO worker
(id, name, birthday, level, salary)
VALUES
    (1, 'Nick', '2000-01-01', 'Junior', 500),
    (2, 'Max', '1998-11-30', 'Junior', 750),
    (3, 'Jack', '1991-03-18', 'Middle', 2500),
    (4, 'Orlando', '1977-01-13', 'Senior', 10000),
    (5, 'Mary', '1998-10-13', 'Middle', 5000),
    (6, 'Sam', '1986-09-23', 'Middle', 6500),
    (7, 'Jane', '2001-08-15', 'Trainee', 350),
    (8, 'Michael', '2003-04-09', 'Trainee', 200),
    (9, 'Taylor', '1989-12-13', 'Senior', 7500),
    (10, 'Jennifer', '1969-07-24', 'Senior', 8500),
    (11, 'Miranda', '2003-04-09', 'Junior', 200);

INSERT INTO client
(id, name)
VALUES
    (1, 'Ann'),
    (2, 'Betty'),
    (3, 'Ken'),
    (4, 'Robin'),
    (5, 'Bruce');

INSERT INTO project
(id, client_id, start_date, finish_date)
VALUES
    (1, 3, '2020-01-01', '2023-10-30'),
    (2, 5, '2022-03-05', '2024-01-10'),
    (3, 1, '2021-02-24', '2024-03-09'),
    (4, 2, '2020-04-01', '2023-08-20'),
    (5, 5, '2019-08-25', '2023-09-24'),
    (6, 1, '2022-07-19', '2024-02-24'),
    (7, 2, '2023-01-19', '2024-04-29'),
    (8, 5, '2018-09-30', '2023-10-10'),
    (9, 1, '2019-11-22', '2023-11-25'),
    (10, 4, '2021-12-05', '2024-01-30');

INSERT INTO project_worker
(project_id, worker_id)
VALUES
    (1, 5),
    (1, 8),
    (2, 10),
    (3, 1),
    (3, 2),
    (3, 6),
    (3, 7),
    (4, 3),
    (4, 4),
    (4, 9),
    (5, 7),
    (6, 2),
    (6, 4),
    (6, 6),
    (6, 8),
    (6, 10),
    (7, 1),
    (7, 3),
    (7, 5),
    (8, 2),
    (8, 7),
    (9, 4),
    (9, 9),
    (10, 5),
    (10, 10);